tour_title,slug,route,destination,category,entity_topic,primary_keyword,primary_volume,primary_kd,primary_intent,secondary_keywords,long_tail_keywords,aeo_questions,entities,reserved_keywords,cannibalization_notes,parent_destination,parent_category,internal_link_targets,opportunity_flags,priority_tier,data_confidence
Wycieczka z Hurghady do Kairu,kair-piramidy-muzeum-egipskie,/wycieczki-z-hurghady/kair-piramidy-muzeum-egipskie,hurghada,kair,Kair/Giza (autokar),wycieczki z hurghady do kairu,260,3,Informational (commercial-nav),wycieczka do kairu z hurghady 170/3 | wycieczka z hurghady do kairu cena 90/2 | wycieczki z hurghady do piramid 260/1 | wycieczka na piramidy z hurghady 90/0 | z hurghady do kairu 30/0,koszt wycieczki z hurghady do piramid 210/0 | hurghada kair odległość 590/3 (info) | wycieczka do kairu z hurghady,Ile kosztuje wycieczka z Hurghady do Kairu? | Ile trwa wyjazd do Kairu z Hurghady? | Skąd jest odbiór? | Czy jest polski przewodnik? | Czy trzeba płacić z góry?,Hurghada | Kair | Giza | Muzeum Egipskie | Sfinks | piramidy,wycieczka do kairu 320/7 (Kair hub) | kair piramidy 720/10 (hub/info) | piramidy w egipcie 1900/23 (future info guide),"Multi-resort Cairo entity (also Marsa #40, Sharm #60): separated by departure modifier",/wycieczki-z-hurghady/,/wycieczki/kair-i-piramidy/,Kair hub; Hurghada hub; super-kair-piramidy-rejs-po-nilu; kair-wielkie-muzeum-gem,MULTI_RESORT_ENTITY | STRONG_TRANSACTIONAL_INTENT,NEXT_20,High (CSV-backed departure cluster)
Wycieczka z Hurghady do Kairu z Wielkim Muzeum GEM,kair-wielkie-muzeum-gem,/wycieczki-z-hurghady/kair-wielkie-muzeum-gem,hurghada,kair,GEM / Grand Egyptian Museum,kair gem z hurghady,N/A,N/A,Commercial (semantic),grand egyptian museum z hurghady N/A | wycieczka do kairu i gem z hurghady N/A,nowe muzeum w kairze 390/21 (info) | muzeum egipskie w kairze 880/21 (info),Co obejmuje wycieczka do GEM z Hurghady? | Czym różni się od zwykłego Kairu? | Ile kosztuje? | Ile trwa?,Hurghada | Kair | GEM | Grand Egyptian Museum | piramidy | Giza,wycieczka do kairu 320/7 (Kair hub) | muzeum egipskie w kairze 880/21 (future info),Cairo variant vs standard Cairo #1: differentiate on GEM entity (no exact CSV volume for GEM),/wycieczki-z-hurghady/,/wycieczki/kair-i-piramidy/,Kair hub; Hurghada hub; kair-piramidy-muzeum-egipskie,NO_SEMRUSH_CLUSTER | NEEDS_INFORMATIONAL_SUPPORT,REMAINDER,Low (GEM has no exact CSV term)
"Super Kair z Hurghady - piramidy, muzeum i Nil",super-kair-piramidy-rejs-po-nilu,/wycieczki-z-hurghady/super-kair-piramidy-rejs-po-nilu,hurghada,kair,Kair + rejs po Nilu,rejs po nilu kair i wielkie piramidy,480,6,Informational,super kair z hurghady N/A | kair piramidy rejs po nilu N/A,rejs po nilu kair i wielkie piramidy 480/6,Co obejmuje Super Kair? | Czy jest rejs po Nilu w cenie? | Ile trwa? | Ile kosztuje?,Hurghada | Kair | Nil | rejs po Nilu | piramidy | Muzeum Egipskie,wycieczka do kairu 320/7 (Kair hub) | kair piramidy 720/10 (hub/info),Differentiate from #1/#2 by 'Super' + Nile cruise inclusion,/wycieczki-z-hurghady/,/wycieczki/kair-i-piramidy/,Kair hub; Hurghada hub; kair-piramidy-muzeum-egipskie,CONTENT_GAP | STRONG_TRANSACTIONAL_INTENT,NEXT_20,"Medium (one strong CSV term, info intent)"
Wycieczka z Hurghady do Kairu samolotem,kair-samolotem,/wycieczki-z-hurghady/kair-samolotem,hurghada,kair,Kair samolotem,wycieczka do kairu samolotem z hurghady,N/A,N/A,Commercial (semantic),kair samolotem z hurghady N/A | lot do kairu z hurghady N/A,wycieczka do kairu z hurghady 170/3 (parent concept),Ile kosztuje Kair samolotem z Hurghady? | Ile trwa lot? | Czy to jednodniowa wycieczka? | Co obejmuje cena?,Hurghada | Kair | samolot | lot | piramidy | Muzeum Egipskie,wycieczka do kairu 320/7 (Kair hub),"Multi-resort plane-Cairo (also Marsa #42, Sharm #61/#77): premium fast variant, differentiate by 'samolotem'",/wycieczki-z-hurghady/,/wycieczki/kair-i-piramidy/,Kair hub; Hurghada hub; kair-piramidy-muzeum-egipskie,NO_SEMRUSH_CLUSTER | MULTI_RESORT_ENTITY,REMAINDER,Low (no exact CSV term)
Prywatna wycieczka do Kairu z Hurghady,prywatna-wycieczka-do-kairu,/wycieczki-z-hurghady/prywatna-wycieczka-do-kairu,hurghada,prywatne,Prywatny Kair,prywatna wycieczka do kairu z hurghady,N/A,N/A,Commercial (semantic),prywatny kair z hurghady N/A | kair prywatnie z hurghady N/A,wycieczka do kairu z hurghady 170/3 (parent concept),Ile kosztuje prywatna wycieczka do Kairu? | Dla ilu osób? | Czy własny przewodnik i kierowca? | Ile trwa?,Hurghada | Kair | prywatna wycieczka | piramidy | GEM,wycieczka do kairu 320/7 (Kair hub) | wycieczki prywatne (Prywatne hub),Private-intent Cairo (also Marsa #43): differentiate by 'prywatna',/wycieczki-z-hurghady/,/wycieczki/wycieczki-prywatne/,Prywatne hub; Kair hub; Hurghada hub; kair-piramidy-muzeum-egipskie,NO_SEMRUSH_CLUSTER,REMAINDER,Low (no exact CSV term; conversion page)
Wycieczka do Luksoru z Hurghady,luksor-dolina-krolow,/wycieczki-z-hurghady/luksor-dolina-krolow,hurghada,luksor,Luksor / Dolina Królów,wycieczka z hurghady do luksoru,140,0,Informational,ile kosztuje wycieczka z hurghady do luksoru 140/3 | hurghada luksor 170/10 | hurghada luksor odległość 210/10 (info),wycieczka do luksoru z hurghady | hurghada luxor 170/5,Ile kosztuje wycieczka z Hurghady do Luksoru? | Ile trwa? | Czy zwiedza się Dolinę Królów? | Skąd jest odbiór?,Hurghada | Luksor | Dolina Królów | Karnak | Hatszepsut | Nil,wycieczka do luksoru 110/5 (Luksor hub) | dolina królów 5400/23 (future info guide),Multi-resort Luxor (also Marsa #44): departure-separated. KD0 - very low difficulty,/wycieczki-z-hurghady/,/wycieczki/luksor/,Luksor hub; Hurghada hub; prywatna-wycieczka-luksor-dendera,LOW_KD_OPPORTUNITY | MULTI_RESORT_ENTITY,NEXT_20,"High (CSV departure cluster, KD0-3)"
Prywatna wycieczka do Luksoru i Dendery,prywatna-wycieczka-luksor-dendera,/wycieczki-z-hurghady/prywatna-wycieczka-luksor-dendera,hurghada,prywatne,Luksor + Dendera (prywatnie),prywatna wycieczka do luksoru i dendery z hurghady,N/A,N/A,Commercial (semantic),luksor dendera prywatnie N/A | prywatny luksor z hurghady N/A,wycieczka z hurghady do luksoru 140/0 (parent concept),Co obejmuje prywatny Luksor i Dendera? | Ile kosztuje? | Dla ilu osób? | Ile trwa?,Hurghada | Luksor | Dendera | Świątynia Hathor | Dolina Królów | prywatna wycieczka,wycieczka do luksoru 110/5 (Luksor hub) | dolina królów 5400/23 (future info),Private Luxor+Dendera (also Marsa #45): 'Dendera' has no CSV term,/wycieczki-z-hurghady/,/wycieczki/wycieczki-prywatne/,Prywatne hub; Luksor hub; Hurghada hub; luksor-dolina-krolow,NO_SEMRUSH_CLUSTER,REMAINDER,Low (no exact CSV term)
Luksor z Hurghady z lotem balonem,luksor-lot-balonem,/wycieczki-z-hurghady/luksor-lot-balonem,hurghada,luksor,Luksor + balon,luksor lot balonem z hurghady,N/A,N/A,Commercial (semantic),lot balonem luksor N/A | balon nad luksorem N/A,wycieczka z hurghady do luksoru 140/0 (parent concept),Ile kosztuje lot balonem w Luksorze? | O której startuje balon? | Ile trwa cała wycieczka? | Czy bezpieczne dla dzieci?,Hurghada | Luksor | balon | lot balonem | Dolina Królów | Nil,wycieczka do luksoru 110/5 (Luksor hub),Balloon-upsell variant vs #6: 'lot balonem' has no CSV term,/wycieczki-z-hurghady/,/wycieczki/luksor/,Luksor hub; Hurghada hub; luksor-dolina-krolow; luksor-2-dni-lot-balonem,NO_SEMRUSH_CLUSTER | CONTENT_GAP,REMAINDER,Low (no exact CSV term)
Luksor z Hurghady - 2 dni z lotem balonem,luksor-2-dni-lot-balonem,/wycieczki-z-hurghady/luksor-2-dni-lot-balonem,hurghada,luksor,Luksor 2 dni + balon,luksor 2 dni z hurghady lot balonem,N/A,N/A,Commercial (semantic),luksor dwudniowa wycieczka N/A | luksor z noclegiem N/A,wycieczka z hurghady do luksoru 140/0 (parent concept),Co obejmuje 2-dniowy Luksor? | Gdzie nocleg? | Ile kosztuje? | Czy w cenie lot balonem?,Hurghada | Luksor | 2 dni | nocleg | balon | Dolina Królów,wycieczka do luksoru 110/5 (Luksor hub),2-day variant vs #6/#8: differentiate by duration/overnight,/wycieczki-z-hurghady/,/wycieczki/luksor/,Luksor hub; Hurghada hub; luksor-lot-balonem,NO_SEMRUSH_CLUSTER,REMAINDER,Low (no exact CSV term)
Orange Bay z Hurghady,orange-bay,/wycieczki-z-hurghady/orange-bay,hurghada,rejsy-wyspy,Orange Bay,orange bay,2400,9,Informational (commercial-nav),orange bay hurghada 480/7 | wyspa orange bay 390/6 | orange bay island 390/6 | orange bay egipt 260/6,hurghada orange bay | rejs orange bay N/A,Ile kosztuje Orange Bay z Hurghady? | Ile trwa rejs? | Czy jest lunch na wyspie? | Skąd odbiór? | Czy dla dzieci?,Hurghada | Orange Bay | Morze Czerwone | rejs | snorkeling | wyspa,"rejsy i wyspy (Rejsy hub - links, not primary)",Entity reserved to this page by hub map. Do NOT let Rejsy hub target 'orange bay',/wycieczki-z-hurghady/,/wycieczki/rejsy-i-wyspy/,Rejsy hub; Hurghada hub; wyspa-paradise; wyspa-mahmya,HIGH_VOLUME_ENTITY | LOW_KD_OPPORTUNITY | STRONG_TRANSACTIONAL_INTENT,TOP_10,"High (2400 vol, KD9, exact entity)"
Wyspa Paradise - rejs z Hurghady,wyspa-paradise,/wycieczki-z-hurghady/wyspa-paradise,hurghada,rejsy-wyspy,Paradise Island,wyspa paradise egipt,320,14,Informational,paradise island 720/25 | paradise island hurghada 210/7 | hurghada paradise island 210/12 | paradise island egipt 210/11 | wyspa paradise 110/4 | hurghada paradise 90/6,hamata paradise N/A | rejs na paradise N/A,Ile kosztuje Wyspa Paradise? | Ile trwa rejs? | Czy jest snorkeling? | Skąd odbiór?,Hurghada | Paradise Island | Wyspa Paradise | Morze Czerwone | rejs | snorkeling,rejsy i wyspy (Rejsy hub) | paradise island 720/25 broad (high KD - use lower-KD variant as primary),Entity reserved to this page by hub map. Primary uses lower-KD 'wyspa paradise egipt' 320/14 over broad 720/25,/wycieczki-z-hurghady/,/wycieczki/rejsy-i-wyspy/,Rejsy hub; Hurghada hub; orange-bay; wyspa-mahmya,HIGH_VOLUME_ENTITY,NEXT_20,High (entity cluster; broad term KD25)
Wycieczka z Hurghady na Wyspę Mahmya,wyspa-mahmya,/wycieczki-z-hurghady/wyspa-mahmya,hurghada,rejsy-wyspy,Mahmya,wyspa mahmya z hurghady,N/A,N/A,Commercial (semantic),mahmya hurghada N/A | rejs na mahmya N/A | wyspa mahmya N/A,orange bay hurghada 480/7 (sibling concept),Ile kosztuje Mahmya? | Ile trwa rejs? | Czy all-inclusive na wyspie? | Skąd odbiór?,Hurghada | Mahmya | Giftun | Morze Czerwone | rejs | snorkeling,rejsy i wyspy (Rejsy hub),"'mahmya' absent from gap export - not zero demand, just no gap keyword",/wycieczki-z-hurghady/,/wycieczki/rejsy-i-wyspy/,Rejsy hub; Hurghada hub; orange-bay; wyspa-eden,NO_SEMRUSH_CLUSTER,REMAINDER,Low (entity absent from gap export)
Wycieczka z Hurghady na Wyspę Eden,wyspa-eden,/wycieczki-z-hurghady/wyspa-eden,hurghada,rejsy-wyspy,Eden Island,wyspa eden z hurghady,N/A,N/A,Commercial (semantic),eden island hurghada N/A | rejs na eden N/A,orange bay hurghada 480/7 (sibling concept),Ile kosztuje Wyspa Eden? | Ile trwa rejs? | Co jest w cenie? | Skąd odbiór?,Hurghada | Eden | Wyspa Eden | Morze Czerwone | rejs | snorkeling,rejsy i wyspy (Rejsy hub),Entity absent from gap export,/wycieczki-z-hurghady/,/wycieczki/rejsy-i-wyspy/,Rejsy hub; Hurghada hub; orange-bay; wyspa-mahmya,NO_SEMRUSH_CLUSTER,REMAINDER,Low (entity absent from gap export)
Wyspa Bianca i łódź ze szklanym dnem - rejs z Hurghady,wyspa-bianca-lodz-szklane-dno,/wycieczki-z-hurghady/wyspa-bianca-lodz-szklane-dno,hurghada,rejsy-wyspy,Bianca + glass-bottom,wyspa bianca z hurghady,N/A,N/A,Commercial (semantic),bianca hurghada N/A | łódź ze szklanym dnem hurghada N/A,orange bay hurghada 480/7 (sibling concept),Ile kosztuje rejs na Wyspę Bianca? | Czy łódź ma szklane dno? | Ile trwa? | Skąd odbiór?,Hurghada | Bianca | łódź ze szklanym dnem | Morze Czerwone | rejs | snorkeling,rejsy i wyspy (Rejsy hub),Entity absent from gap export,/wycieczki-z-hurghady/,/wycieczki/rejsy-i-wyspy/,Rejsy hub; Hurghada hub; lodz-seascope; orange-bay,NO_SEMRUSH_CLUSTER,REMAINDER,Low (entity absent from gap export)
Wycieczka z Hurghady na Wyspę Hula Hula,wyspa-hula-hula,/wycieczki-z-hurghady/wyspa-hula-hula,hurghada,rejsy-wyspy,Hula Hula,hula hula,320,8,Commercial,wyspa hula hula z hurghady N/A | wyspy hula gula 90/27 (misspelled variant),orange bay hurghada 480/7 (sibling concept),Ile kosztuje Hula Hula? | Ile trwa rejs? | Co jest w cenie? | Skąd odbiór?,Hurghada | Hula Hula | Morze Czerwone | rejs | wyspa | snorkeling,rejsy i wyspy (Rejsy hub),Own exact 'hula hula' 320/8 (commercial). Group misspelling 'hula gula' as variant,/wycieczki-z-hurghady/,/wycieczki/rejsy-i-wyspy/,Rejsy hub; Hurghada hub; orange-bay; wyspa-magawish,LOW_KD_OPPORTUNITY | STRONG_TRANSACTIONAL_INTENT,TOP_10,High (exact 320/8 commercial)
Wycieczka z Hurghady na Wyspę Magawish,wyspa-magawish,/wycieczki-z-hurghady/wyspa-magawish,hurghada,rejsy-wyspy,Magawish,wyspa magawish z hurghady,N/A,N/A,Commercial (semantic),magawish hurghada N/A | rejs na magawish N/A,orange bay hurghada 480/7 (sibling concept),Ile kosztuje Wyspa Magawish? | Ile trwa rejs? | Co jest w cenie? | Skąd odbiór?,Hurghada | Magawish | Morze Czerwone | rejs | wyspa | snorkeling,rejsy i wyspy (Rejsy hub),Entity absent from gap export,/wycieczki-z-hurghady/,/wycieczki/rejsy-i-wyspy/,Rejsy hub; Hurghada hub; wyspa-hula-hula; orange-bay,NO_SEMRUSH_CLUSTER,REMAINDER,Low (entity absent from gap export)
"Sharm el Naga - snorkeling, wycieczka z Hurghady",sharm-el-naga-snorkeling,/wycieczki-z-hurghady/sharm-el-naga-snorkeling,hurghada,snorkeling-delfiny,Sharm el Naga,sharm el naga,210,6,Commercial,sharm el naga z hurghady N/A | sharm el naga snorkeling N/A,snorkeling egipt 90/2 (category concept),Ile kosztuje Sharm el Naga? | Ile trwa? | Czy jest snorkeling z brzegu? | Skąd odbiór?,Hurghada | Sharm el Naga | Morze Czerwone | snorkeling | rafa | zatoka,snorkeling i delfiny (Snorkeling hub) | snorkeling egipt 90/2 (hub),Own exact 'sharm el naga' 210/6 (commercial),/wycieczki-z-hurghady/,/wycieczki/snorkeling-i-delfiny/,Snorkeling hub; Hurghada hub; abu-dabbab-snorkeling; dom-delfinow-snorkeling,LOW_KD_OPPORTUNITY | STRONG_TRANSACTIONAL_INTENT,NEXT_20,High (exact 210/6 commercial)
Dom Delfinów (Dolphin House) - rejs z Hurghady,dom-delfinow-snorkeling,/wycieczki-z-hurghady/dom-delfinow-snorkeling,hurghada,snorkeling-delfiny,Dolphin House (Shaab El Erg),dolphin house,170,10,Informational,dom delfinów hurghada N/A | rejs z delfinami hurghady N/A,pływanie z delfinami egipt 110/2 | dolphin house 170/10,Ile kosztuje rejs Dom Delfinów? | Czy na pewno zobaczymy delfiny? | Ile trwa? | Skąd odbiór?,Hurghada | Dolphin House | Shaab El Erg | delfiny | snorkeling | rejs,"snorkeling i delfiny (Snorkeling hub) | dolphin house 170/10 - shared entity, assign to snorkeling (higher intent) not the dive tour",Multi-resort dolphin concept + intra-site vs dive tour #19: 'dolphin house' -> this snorkel page; dive page uses dive modifier,/wycieczki-z-hurghady/,/wycieczki/snorkeling-i-delfiny/,Snorkeling hub; Hurghada hub; dom-delfinow-nurkowanie; sharm-el-naga-snorkeling,MULTI_RESORT_ENTITY | STRONG_TRANSACTIONAL_INTENT,NEXT_20,Medium (shared 'dolphin house' term)
Dom Delfinów z Hurghady - nurkowanie z butlą,dom-delfinow-nurkowanie,/wycieczki-z-hurghady/dom-delfinow-nurkowanie,hurghada,nurkowanie,Dolphin House (nurkowanie),nurkowanie dom delfinów hurghada,N/A,N/A,Commercial (semantic),dolphin house nurkowanie N/A | nurkowanie z delfinami hurghada N/A,nurkowanie hurghada 210/10 (Nurkowanie hub) | dolphin house 170/10 (reserved to snorkel #18),Ile kosztuje nurkowanie w Dom Delfinów? | Czy trzeba mieć uprawnienia? | Ile nurkowań? | Skąd odbiór?,Hurghada | Dolphin House | nurkowanie | butla | delfiny | rafa,nurkowanie w egipcie (Nurkowanie hub) | dolphin house 170/10 (snorkel tour #18),Intra-site: cede 'dolphin house' to snorkel #18; this page owns diving-specific long-tail,/wycieczki-z-hurghady/,/wycieczki/nurkowanie/,Nurkowanie hub; Hurghada hub; dom-delfinow-snorkeling; nurkowanie-na-probe,NO_SEMRUSH_CLUSTER | CANNIBALIZATION_RISK,REMAINDER,Low (no dive-specific CSV term)
Delfinarium w Hurghadzie - pokaz delfinów,delfinarium-dolphin-show,/wycieczki-z-hurghady/delfinarium-dolphin-show,hurghada,atrakcje,Delfinarium Hurghada,delfinarium hurghada,260,7,Commercial,hurghada delfinarium 110/6 | pokaz delfinów hurghada N/A,delfinarium egipt N/A,Ile kosztuje pokaz delfinów w Hurghadzie? | O której są pokazy? | Ile trwa? | Czy dla dzieci?,Hurghada | delfinarium | pokaz delfinów | Dolphin World,"atrakcje i rozrywka (Atrakcje hub - links, not primary)",Own 'delfinarium hurghada' 260/7. Distinct from Sharm dolphin show #69,/wycieczki-z-hurghady/,/wycieczki/atrakcje-i-rozrywka/,Atrakcje hub; Hurghada hub; dolphin-show (Sharm); wielkie-akwarium,LOW_KD_OPPORTUNITY | STRONG_TRANSACTIONAL_INTENT,NEXT_20,High (exact 260/7 commercial)
Nurkowanie z butlą w Hurghadzie,nurkowanie-na-probe,/wycieczki-z-hurghady/nurkowanie-na-probe,hurghada,nurkowanie,Nurkowanie na próbę,nurkowanie na próbę hurghada,N/A,N/A,Commercial (semantic),pierwsze nurkowanie hurghada N/A | nurkowanie z butlą hurghada N/A,nurkowanie hurghada 210/10 (hub secondary) | hurghada nurkowanie 170/8 | rafa koralowa hurghada 170/5,Ile kosztuje nurkowanie na próbę? | Czy trzeba umieć pływać? | Czy z instruktorem? | Ile trwa?,Hurghada | nurkowanie | butla | intro dive | rafa koralowa | instruktor,nurkowanie w egipcie (Nurkowanie hub) | nurkowanie hurghada 210/10 (hub-leaning),'nurkowanie hurghada' 210/10 leans to Nurkowanie hub; tour owns intro-dive long-tail,/wycieczki-z-hurghady/,/wycieczki/nurkowanie/,Nurkowanie hub; Hurghada hub; dom-delfinow-nurkowanie,CANNIBALIZATION_RISK | NEEDS_INFORMATIONAL_SUPPORT,REMAINDER,Low (specific term no vol; hub owns head)
"Abu Dabbab - Zatoka Żółwi, wycieczka z Hurghady",abu-dabbab-snorkeling,/wycieczki-z-hurghady/abu-dabbab-snorkeling,hurghada,snorkeling-delfiny,Abu Dabbab (z Hurghady),abu dabbab z hurghady,N/A,N/A,Commercial (semantic),zatoka żółwi z hurghady N/A | abu dabbab wycieczka z hurghady N/A,abu dabbab 1300/12 (reserved to Marsa #48) | zatoka żółwi 90/2 | abu dabbab beach 170/15,Ile kosztuje Abu Dabbab z Hurghady? | Ile trwa dojazd? | Czy zobaczę żółwie? | Skąd odbiór?,Hurghada | Abu Dabbab | Zatoka Żółwi | żółwie | diugoń | snorkeling,abu dabbab 1300/12 -> reserved to Marsa Alam tour #48 (closer/canonical),MULTI-RESORT: broad 'abu dabbab' -> Marsa #48; this Hurghada page takes departure-modified long-tail,/wycieczki-z-hurghady/,/wycieczki/snorkeling-i-delfiny/,Snorkeling hub; Hurghada hub; abu-dabbab (Marsa #48); sharm-el-naga-snorkeling,MULTI_RESORT_ENTITY | CANNIBALIZATION_RISK,REMAINDER,Medium (broad entity ceded to Marsa)
Wycieczka na plażę Ozirea z Hurghady,plaza-orange-ozirea,/wycieczki-z-hurghady/plaza-orange-ozirea,hurghada,rejsy-wyspy,Plaża Ozirea,plaża ozirea z hurghady,N/A,N/A,Commercial (semantic),ozirea beach hurghada N/A | dzień na plaży hurghada N/A,orange bay hurghada 480/7 (sibling concept),Ile kosztuje dzień na plaży Ozirea? | Co jest w cenie? | Ile trwa? | Skąd odbiór?,Hurghada | Ozirea | Orange | plaża | Morze Czerwone | dzień relaksu,rejsy i wyspy (Rejsy hub) | do NOT collide with orange-bay entity,Contains 'orange' string - keep clearly separate from Orange Bay #10 to avoid confusion,/wycieczki-z-hurghady/,/wycieczki/rejsy-i-wyspy/,Rejsy hub; Hurghada hub; orange-bay; family-safari,NO_SEMRUSH_CLUSTER,REMAINDER,Low (entity absent from gap export)
Rejs Speed Boat z Hurghady,prywatny-speedboat,/wycieczki-z-hurghady/prywatny-speedboat,hurghada,rejsy-wyspy,Prywatny speedboat,prywatny rejs speedboat z hurghady,N/A,N/A,Commercial (semantic),speed boat hurghada N/A | prywatna łódź hurghada N/A,rejs katamaranem 480/7 (category concept),Ile kosztuje prywatny speedboat? | Dla ilu osób łódź? | Ile trwa? | Dokąd płyniemy?,Hurghada | speed boat | prywatna łódź | Morze Czerwone | rejs | snorkeling,rejsy i wyspy (Rejsy hub),Priced per boat (160 USD/łódź) - private/group intent,/wycieczki-z-hurghady/,/wycieczki/rejsy-i-wyspy/,Rejsy hub; Hurghada hub; orange-bay; wyspa-paradise,NO_SEMRUSH_CLUSTER,REMAINDER,Low (no exact CSV term)
Rejs łodzią Seascope z Hurghady,lodz-seascope,/wycieczki-z-hurghady/lodz-seascope,hurghada,atrakcje,Seascope (Hurghada),seascope hurghada,90,8,Informational (transactional),łódź seascope hurghada N/A | łódź półpodwodna hurghada N/A,seascope hurghada 90/8 | łódź podwodna sindbad 90/0 (competitor brand),Ile kosztuje rejs Seascope? | Czy to łódź podwodna? | Ile trwa? | Czy dla dzieci?,Hurghada | Seascope | łódź półpodwodna | rafa | ryby | podwodny świat,atrakcje i rozrywka (Atrakcje hub) | seascope hurghada reserved to this page by hub map,"Multi-resort Seascope (also Marsa #52, Sharm #70): Hurghada owns 'seascope hurghada' 90/8",/wycieczki-z-hurghady/,/wycieczki/atrakcje-i-rozrywka/,Atrakcje hub; Hurghada hub; lodz-seascope (Marsa/Sharm); wielkie-akwarium,MULTI_RESORT_ENTITY | LOW_KD_OPPORTUNITY,NEXT_20,High (exact 90/8 reserved entity)
Wielkie Akwarium w Hurghadzie,wielkie-akwarium,/wycieczki-z-hurghady/wielkie-akwarium,hurghada,atrakcje,Grand Aquarium Hurghada,hurghada grand aquarium,1600,8,Informational,hurghada aquarium 1300/8 | aquarium hurghada 1300/8 | grand aquarium 170/10 | hurghada grand aquarium opinie 110/5 | hurgada grand aquarium 110/5,wielkie akwarium hurghada N/A | akwarium w hurghadzie N/A,Ile kosztuje Wielkie Akwarium? | Godziny otwarcia? | Ile trwa zwiedzanie? | Czy dla dzieci?,Hurghada | Grand Aquarium | akwarium | rekiny | podwodny świat | oceanarium,"atrakcje i rozrywka (Atrakcje hub - links, not primary)",Entity reserved to this page by hub map. Own 'hurghada grand aquarium' 1600/8,/wycieczki-z-hurghady/,/wycieczki/atrakcje-i-rozrywka/,Atrakcje hub; Hurghada hub; delfinarium-dolphin-show; mini-egypt-park,HIGH_VOLUME_ENTITY | LOW_KD_OPPORTUNITY,TOP_10,"High (1600 vol, KD8, exact entity)"
Wycieczka z Hurghady do aquaparku Makadi Water World,aquapark-makadi-water-world,/wycieczki-z-hurghady/aquapark-makadi-water-world,hurghada,atrakcje,Makadi Water World,aquapark makadi water world z hurghady,N/A,N/A,Commercial (semantic),makadi water world N/A | aquapark hurghada N/A,"makadi bay 2400/16 (hotel-zone info, wrong intent) | egipt hurghada hotele z aquaparkiem 30/9",Ile kosztuje aquapark Makadi? | Ile zjeżdżalni? | Czy transfer w cenie? | Czy dla dzieci?,Hurghada | Makadi Water World | aquapark | zjeżdżalnie | Makadi Bay | woda,"makadi bay 2400/16 - informational hotel-zone term, NOT this excursion's primary","'makadi bay' 2400 is destination/hotel intent, not the aquapark day-trip",/wycieczki-z-hurghady/,/wycieczki/atrakcje-i-rozrywka/,Atrakcje hub; Hurghada hub; dzien-rodzinny; mini-egypt-park,NO_SEMRUSH_CLUSTER,REMAINDER,Low (only off-intent hotel-zone term)
Wycieczka do Mini Egypt Park z Hurghady,mini-egypt-park,/wycieczki-z-hurghady/mini-egypt-park,hurghada,atrakcje,Mini Egypt Park,mini egypt park,320,7,Informational,mini egypt park hurghada N/A | park miniatur hurghada N/A,mini egypt park 320/7,Ile kosztuje Mini Egypt Park? | Co można zobaczyć? | Ile trwa? | Czy dla dzieci?,Hurghada | Mini Egypt Park | park miniatur | zabytki Egiptu | model,"atrakcje i rozrywka (Atrakcje hub - links, not primary)",Own exact 'mini egypt park' 320/7,/wycieczki-z-hurghady/,/wycieczki/atrakcje-i-rozrywka/,Atrakcje hub; Hurghada hub; wielkie-akwarium; city-tour,LOW_KD_OPPORTUNITY | STRONG_TRANSACTIONAL_INTENT,TOP_10,High (exact 320/7)
Family Day Hurghada 3 w 1,dzien-rodzinny,/wycieczki-z-hurghady/dzien-rodzinny,hurghada,atrakcje,Family Day 3w1,family day hurghada 3 w 1,N/A,N/A,Commercial (semantic),dzień rodzinny hurghada N/A | family day 3 w 1 N/A,hurghada atrakcje 1000/19 (Hurghada hub / future info),Co obejmuje Family Day 3 w 1? | Dla jakich rodzin? | Ile kosztuje? | Ile trwa?,Hurghada | Family Day | 3 w 1 | rodzina | dzieci | atrakcje,hurghada atrakcje 1000/19 (destination hub),Bundle product - no CSV term; family/child intent,/wycieczki-z-hurghady/,/wycieczki/atrakcje-i-rozrywka/,Atrakcje hub; Hurghada hub; family-safari; aquapark-makadi-water-world,NO_SEMRUSH_CLUSTER,REMAINDER,Low (no exact CSV term)
Family Safari z Hurghady,family-safari,/wycieczki-z-hurghady/family-safari,hurghada,safari,Family Safari,family safari z hurghady,N/A,N/A,Commercial (semantic),safari rodzinne hurghada N/A | safari dla dzieci hurghada N/A,safari hurghada 140/6 (Safari hub secondary) | safari hurghada egypt 140/7,Czy safari jest bezpieczne dla dzieci? | Co obejmuje Family Safari? | Ile kosztuje? | Ile trwa?,Hurghada | Family Safari | pustynia | quad | wioska beduinów | rodzina,safari egipt 170/2 (Safari hub) | safari hurghada 140/6 (hub-leaning),'safari hurghada' leans to Safari hub; this page owns family/child long-tail,/wycieczki-z-hurghady/,/wycieczki/safari-i-quady/,Safari hub; Hurghada hub; super-safari-sahara-park; quad-safari-3h,CANNIBALIZATION_RISK | NEEDS_INFORMATIONAL_SUPPORT,REMAINDER,Low (family term no vol; hub owns head)
Super Safari Sahara Park - wycieczka z Hurghady,super-safari-sahara-park,/wycieczki-z-hurghady/super-safari-sahara-park,hurghada,safari,Super Safari / Sahara Park,super safari sahara park hurghada,N/A,N/A,Commercial (semantic),super safari hurghada N/A | sahara park hurghada N/A | super safari 70/2,safari hurghada 140/6 (Safari hub) | wioska beduinów 320/8 (info),Co obejmuje Super Safari? | Czy jest wioska beduinów? | Ile kosztuje? | Ile trwa?,Hurghada | Super Safari | Sahara Park | pustynia | quad | wioska beduinów | wielbłąd,safari egipt 170/2 (Safari hub) | wioska beduinów 320/8 (future info),Full-package safari - differentiate from quad-only tours,/wycieczki-z-hurghady/,/wycieczki/safari-i-quady/,Safari hub; Hurghada hub; family-safari; quad-safari-3h,NO_SEMRUSH_CLUSTER,REMAINDER,Low (only weak generic term)
Moto Quad Safari 3h - wycieczka z Hurghady,quad-safari-3h,/wycieczki-z-hurghady/quad-safari-3h,hurghada,safari,Quad Safari 3h,quady hurghada,110,4,Commercial (informational),quad safari hurghada N/A | quady w hurghadzie N/A | quad safari 140/9,quady egipt 140/6 (Safari hub) | quady hurghada 110/4,Ile kosztuje quad safari w Hurghadzie? | Ile trwa 3h safari? | Czy potrzebne prawo jazdy? | Skąd odbiór?,Hurghada | quad | quad safari | pustynia | ATV | wioska beduinów,quady egipt 140/6 / quad safari 140/9 (Safari hub broad) | intra-site vs 5h #33,"Intra-site: two Hurghada quad tours (#32 3h, #33 5h) split 'quady hurghada' by duration - assign head to shorter/flagship, 5h uses duration long-tail",/wycieczki-z-hurghady/,/wycieczki/safari-i-quady/,Safari hub; Hurghada hub; quad-safari-5h; buggy-safari,LOW_KD_OPPORTUNITY | CANNIBALIZATION_RISK,NEXT_20,Medium (exact 110/4; split with #33)
Moto Quad Safari 5h - wycieczka z Hurghady,quad-safari-5h,/wycieczki-z-hurghady/quad-safari-5h,hurghada,safari,Quad Safari 5h,quad safari 5h hurghady,N/A,N/A,Commercial (semantic),quady hurghada 5 godzin N/A | długie quad safari hurghada N/A,quady hurghada 110/4 (ceded to #32) | quady egipt 140/6,Ile kosztuje 5h quad safari? | Czym różni się od 3h? | Ile trwa? | Skąd odbiór?,Hurghada | quad | quad safari 5h | pustynia | ATV | wioska beduinów,quady hurghada 110/4 (assigned to 3h #32),Intra-site vs #32: differentiate by 5h duration long-tail,/wycieczki-z-hurghady/,/wycieczki/safari-i-quady/,Safari hub; Hurghada hub; quad-safari-3h; buggy-safari,CANNIBALIZATION_RISK,REMAINDER,"Low (duration-differentiated, no own vol)"
Buggy Safari z Hurghady,buggy-safari,/wycieczki-z-hurghady/buggy-safari,hurghada,safari,Buggy Safari,buggy safari,210,7,Informational,buggy safari hurghada N/A | buggy w hurghadzie N/A,buggy safari 210/7,Ile kosztuje buggy safari? | Ile osób w buggy? | Czy potrzebne prawo jazdy? | Ile trwa?,Hurghada | buggy | buggy safari | pustynia | wioska beduinów | ATV,safari i quady (Safari hub) | multi-resort broad term,Multi-resort buggy (also Sharm #75): broad 'buggy safari' 210/7 -> Hurghada (larger base); Sharm uses departure long-tail,/wycieczki-z-hurghady/,/wycieczki/safari-i-quady/,Safari hub; Hurghada hub; buggy-safari (Sharm); quad-safari-5h,MULTI_RESORT_ENTITY | LOW_KD_OPPORTUNITY,NEXT_20,"Medium (broad 210/7, resort-shared)"
Jazda konno i kąpiel w morzu - wycieczka z Hurghady,jazda-konno-kapiel-w-morzu,/wycieczki-z-hurghady/jazda-konno-kapiel-w-morzu,hurghada,safari,Jazda konno + morze,jazda konno nad morzem hurghada,N/A,N/A,Commercial (semantic),jazda na koniu hurghada N/A | konie hurghada plaża N/A,safari hurghada 140/6 (Safari hub concept),Ile kosztuje jazda konna? | Czy konie wchodzą do morza? | Dla początkujących? | Ile trwa?,Hurghada | jazda konna | konie | plaża | morze | kąpiel,safari i quady (Safari hub),Niche activity - no CSV term,/wycieczki-z-hurghady/,/wycieczki/safari-i-quady/,Safari hub; Hurghada hub; jazda-na-wielbladzie; family-safari,NO_SEMRUSH_CLUSTER,REMAINDER,Low (no exact CSV term)
Jazda na wielbłądzie - wycieczka z Hurghady,jazda-na-wielbladzie,/wycieczki-z-hurghady/jazda-na-wielbladzie,hurghada,safari,Jazda na wielbłądzie,jazda na wielbłądzie hurghada,N/A,N/A,Commercial (semantic),wielbłądy hurghada N/A | przejażdżka na wielbłądzie hurghada N/A,safari hurghada 140/6 (Safari hub concept),Ile kosztuje jazda na wielbłądzie? | Ile trwa? | Czy dla dzieci? | Skąd odbiór?,Hurghada | wielbłąd | jazda na wielbłądzie | pustynia | beduini,safari i quady (Safari hub),Multi-resort camel (also Sharm #76): no CSV term either resort,/wycieczki-z-hurghady/,/wycieczki/safari-i-quady/,Safari hub; Hurghada hub; jazda-na-wielbladzie (Sharm); jazda-konno-kapiel-w-morzu,NO_SEMRUSH_CLUSTER | MULTI_RESORT_ENTITY,REMAINDER,Low (no exact CSV term)
Parasailing w Hurghadzie,parasailing,/wycieczki-z-hurghady/parasailing,hurghada,atrakcje,Parasailing (Hurghada),parasailing,3600,11,Informational (transactional),parasailing hurghada N/A | parasailing egipt N/A | parasailing cena 140/9 | parasailing co to 260/13,parasailing 3600/11 | parasailing cena 140/9,Ile kosztuje parasailing w Hurghadzie? | Na jaką wysokość? | Czy bezpieczne? | Czy dla dzieci?,Hurghada | parasailing | lot na spadochronie | Morze Czerwone | adrenalina,"atrakcje i rozrywka (Atrakcje hub - links, not primary)",Entity reserved to this page by hub map. Multi-resort (also Sharm #71): broad 'parasailing' 3600 -> Hurghada; Sharm uses departure long-tail,/wycieczki-z-hurghady/,/wycieczki/atrakcje-i-rozrywka/,Atrakcje hub; Hurghada hub; parasailing (Sharm); wielkie-akwarium,HIGH_VOLUME_ENTITY | MULTI_RESORT_ENTITY,TOP_10,"High (3600 vol, KD11, exact entity)"
City Tour po Hurghadzie,city-tour,/wycieczki-z-hurghady/city-tour,hurghada,atrakcje,City Tour Hurghada,city tour hurghada,N/A,N/A,Commercial (semantic),zwiedzanie hurghady N/A | hurghada city tour N/A,hurghada co warto zobaczyć 480/17 (info) | hurghada co zobaczyć 390/17 (info) | hurghada atrakcje 1000/19 (hub),Co obejmuje City Tour? | Czy wizyta w meczecie i bazarze? | Ile kosztuje? | Ile trwa?,Hurghada | City Tour | Marina | meczet | bazar | Stare Miasto | El Dahar,hurghada atrakcje 1000/19 (Hurghada hub) | 'co warto zobaczyć' 480/17 (future info guide),"Cheapest tour (12 USD). 'co warto zobaczyć' terms are info -> future guide, not this page primary",/wycieczki-z-hurghady/,/wycieczki/atrakcje-i-rozrywka/,Atrakcje hub; Hurghada hub; el-gouna; mini-egypt-park,NO_SEMRUSH_CLUSTER | NEEDS_INFORMATIONAL_SUPPORT,REMAINDER,Low (only info terms exist)
Wycieczka z Hurghady do El Gouny,el-gouna,/wycieczki-z-hurghady/el-gouna,hurghada,atrakcje,El Gouna,wycieczka do el gouny z hurghady,N/A,N/A,Commercial (semantic),el gouna z hurghady N/A | zwiedzanie el gouny N/A,el gouna 4400/18 (info/nav) | el gouna egipt 1900/24 (info) | el gouna wakacje 390/14 (info) | el gouna hurghada 110/22,Co zobaczyć w El Gounie? | Ile trwa wycieczka? | Ile kosztuje? | Skąd odbiór?,Hurghada | El Gouna | laguny | Marina | Wenecja Egiptu | miasteczko,"el gouna 4400/18 - destination/hotel/navigational intent, NOT the day-trip primary","'el gouna' 4400 broad is town/hotel-stay intent (people staying there), wrong intent for a day-trip page",/wycieczki-z-hurghady/,/wycieczki/atrakcje-i-rozrywka/,Atrakcje hub; Hurghada hub; city-tour; wielkie-akwarium,NO_SEMRUSH_CLUSTER | NEEDS_INFORMATIONAL_SUPPORT,REMAINDER,Low (broad term wrong intent)
Wycieczka z Marsa Alam do Kairu,kair-stary-kair-piramidy,/wycieczki-z-marsa-alam/kair-stary-kair-piramidy,marsa-alam,kair,Kair/Giza (z Marsa Alam),wycieczki z marsa alam do kairu,140,1,Informational,wycieczka z marsa alam do kairu 140/1 | marsa alam kair odleglosc 260/6 (info) | marsa alam piramidy 210/3,wycieczka do kairu z marsa alam | marsa alam kair,Ile kosztuje wycieczka z Marsa Alam do Kairu? | Ile trwa dojazd? | Skąd odbiór? | Czy jest polski przewodnik?,Marsa Alam | Kair | Giza | Muzeum Egipskie | piramidy | Sfinks,wycieczka do kairu 320/7 (Kair hub) | piramidy w egipcie 1900/23 (future info),"Multi-resort Cairo (H #1, S #60): departure-separated. KD1 - low difficulty",/wycieczki-z-marsa-alam/,/wycieczki/kair-i-piramidy/,Kair hub; Marsa hub; kair-wielkie-muzeum-gem (Marsa); prywatna-wycieczka-do-kairu,LOW_KD_OPPORTUNITY | MULTI_RESORT_ENTITY,NEXT_20,"High (CSV departure cluster, KD1)"
Kair i Grand Egyptian Museum (GEM) z Marsa Alam,kair-wielkie-muzeum-gem,/wycieczki-z-marsa-alam/kair-wielkie-muzeum-gem,marsa-alam,kair,GEM (z Marsa Alam),kair gem z marsa alam,N/A,N/A,Commercial (semantic),grand egyptian museum z marsa alam N/A | kair i gem marsa alam N/A,wycieczki z marsa alam do kairu 140/1 (parent) | nowe muzeum w kairze 390/21 (info),Co obejmuje wycieczka do GEM z Marsa Alam? | Ile kosztuje? | Ile trwa? | Skąd odbiór?,Marsa Alam | Kair | GEM | Grand Egyptian Museum | piramidy | Giza,wycieczka do kairu 320/7 (Kair hub),GEM variant vs standard #40; multi-resort GEM (H #2): no exact CSV term,/wycieczki-z-marsa-alam/,/wycieczki/kair-i-piramidy/,Kair hub; Marsa hub; kair-stary-kair-piramidy,NO_SEMRUSH_CLUSTER | MULTI_RESORT_ENTITY,REMAINDER,Low (GEM no exact CSV term)
Wycieczka z Marsa Alam do Kairu samolotem,kair-samolotem,/wycieczki-z-marsa-alam/kair-samolotem,marsa-alam,kair,Kair samolotem (z Marsa Alam),kair samolotem z marsa alam,N/A,N/A,Commercial (semantic),lot do kairu z marsa alam N/A | wycieczka do kairu samolotem marsa alam N/A,wycieczki z marsa alam do kairu 140/1 (parent),Ile kosztuje Kair samolotem z Marsa Alam? | Ile trwa lot? | Czy jednodniowa? | Co obejmuje cena?,Marsa Alam | Kair | samolot | lot | piramidy | Muzeum Egipskie,wycieczka do kairu 320/7 (Kair hub),"Multi-resort plane-Cairo (H #4, S #61/#77): differentiate by 'samolotem'",/wycieczki-z-marsa-alam/,/wycieczki/kair-i-piramidy/,Kair hub; Marsa hub; kair-stary-kair-piramidy,NO_SEMRUSH_CLUSTER | MULTI_RESORT_ENTITY,REMAINDER,Low (no exact CSV term)
Prywatna wycieczka do Kairu z Marsa Alam,prywatna-wycieczka-do-kairu,/wycieczki-z-marsa-alam/prywatna-wycieczka-do-kairu,marsa-alam,prywatne,Prywatny Kair (z Marsa Alam),prywatna wycieczka do kairu z marsa alam,N/A,N/A,Commercial (semantic),prywatny kair z marsa alam N/A | kair prywatnie marsa alam N/A,wycieczki z marsa alam do kairu 140/1 (parent),Ile kosztuje prywatny Kair z Marsa Alam? | Dla ilu osób? | Własny przewodnik? | Ile trwa?,Marsa Alam | Kair | prywatna wycieczka | piramidy | GEM,wycieczka do kairu 320/7 (Kair hub) | wycieczki prywatne (Prywatne hub),Private Cairo (also H #5): differentiate by 'prywatna',/wycieczki-z-marsa-alam/,/wycieczki/wycieczki-prywatne/,Prywatne hub; Kair hub; Marsa hub; kair-stary-kair-piramidy,NO_SEMRUSH_CLUSTER,REMAINDER,Low (no exact CSV term)
Wycieczka do Luksoru z Marsa Alam,luksor-dolina-krolow,/wycieczki-z-marsa-alam/luksor-dolina-krolow,marsa-alam,luksor,Luksor / Dolina Królów (z Marsa Alam),wycieczki z marsa alam do luksoru,170,3,Informational,wycieczka do luksoru z marsa alam 140/3 | ile kosztuje wycieczka z marsa alam do luksoru 140/3 | marsa alam luksor odległość 480/10 (info) | marsa alam luxor 110/10,marsa alam to luxor 110/15 | luksor z marsa alam,Ile kosztuje wycieczka z Marsa Alam do Luksoru? | Ile trwa? | Czy Dolina Królów? | Skąd odbiór?,Marsa Alam | Luksor | Dolina Królów | Karnak | Hatszepsut | Nil,wycieczka do luksoru 110/5 (Luksor hub) | dolina królów 5400/23 (future info),"Multi-resort Luxor (also H #6): Marsa is closest base, strongest departure cluster (KD3)",/wycieczki-z-marsa-alam/,/wycieczki/luksor/,Luksor hub; Marsa hub; prywatna-wycieczka-luksor-dendera (Marsa),LOW_KD_OPPORTUNITY | MULTI_RESORT_ENTITY | STRONG_TRANSACTIONAL_INTENT,NEXT_20,"High (multiple CSV departure terms, KD3)"
Prywatna wycieczka z Marsa Alam do Luksoru i Dendery,prywatna-wycieczka-luksor-dendera,/wycieczki-z-marsa-alam/prywatna-wycieczka-luksor-dendera,marsa-alam,prywatne,"Luksor + Dendera (prywatnie, z Marsa Alam)",prywatna wycieczka do luksoru i dendery z marsa alam,N/A,N/A,Commercial (semantic),luksor dendera prywatnie marsa alam N/A | prywatny luksor z marsa alam N/A,wycieczki z marsa alam do luksoru 170/3 (parent),Co obejmuje prywatny Luksor i Dendera? | Dla ilu osób? | Ile kosztuje? | Ile trwa?,Marsa Alam | Luksor | Dendera | Świątynia Hathor | Dolina Królów | prywatna,wycieczka do luksoru 110/5 (Luksor hub),Private Luxor+Dendera (also H #7): 'Dendera' no CSV term,/wycieczki-z-marsa-alam/,/wycieczki/wycieczki-prywatne/,Prywatne hub; Luksor hub; Marsa hub; luksor-dolina-krolow (Marsa),NO_SEMRUSH_CLUSTER,REMAINDER,Low (no exact CSV term)
Sataya z Marsa Alam - dom delfinów,sataya-dom-delfinow,/wycieczki-z-marsa-alam/sataya-dom-delfinow,marsa-alam,snorkeling-delfiny,Sataya (Dolphin Reef),sataya,480,20,Informational,sataya dolphin reef 110/3 | sataya reef 110/14 | dom delfinów marsa alam 90/0,sataya marsa alam N/A | rejs sataya N/A,Ile kosztuje Sataya z Marsa Alam? | Czy popłyniemy z delfinami? | Ile trwa rejs? | Skąd odbiór?,Marsa Alam | Sataya | Dolphin Reef | delfiny | rafa | snorkeling,snorkeling i delfiny (Snorkeling hub) | sataya reserved to this page by hub map,Own 'sataya' 480/20. Intra-site vs Samadai #47: this page owns 'dom delfinów marsa alam' 90/0,/wycieczki-z-marsa-alam/,/wycieczki/snorkeling-i-delfiny/,Snorkeling hub; Marsa hub; samadai-dom-delfinow; abu-dabbab,HIGH_VOLUME_ENTITY,TOP_10,High (480 vol exact entity)
Sha'ab Samadai z Marsa Alam - dom delfinów,samadai-dom-delfinow,/wycieczki-z-marsa-alam/samadai-dom-delfinow,marsa-alam,snorkeling-delfiny,Sha'ab Samadai,samadai dom delfinów,N/A,N/A,Commercial (semantic),sha'ab samadai N/A | samadai marsa alam N/A | samadai reef N/A,dom delfinów marsa alam 90/0 (ceded to Sataya #46) | pływanie z delfinami egipt 110/2,Ile kosztuje Samadai? | Czym różni się od Sataya? | Czy zobaczymy delfiny? | Ile trwa?,Marsa Alam | Sha'ab Samadai | Samadai | delfiny | laguna | snorkeling,snorkeling i delfiny (Snorkeling hub) | dom delfinów marsa alam 90/0 (Sataya #46),Intra-site vs Sataya #46: 'Samadai' has no CSV term; differentiate as separate reef entity,/wycieczki-z-marsa-alam/,/wycieczki/snorkeling-i-delfiny/,Snorkeling hub; Marsa hub; sataya-dom-delfinow; abu-dabbab,NO_SEMRUSH_CLUSTER | CANNIBALIZATION_RISK,REMAINDER,Low (entity absent from gap export)
Abu Dabbab z Marsa Alam - żółwie i snorkeling,abu-dabbab,/wycieczki-z-marsa-alam/abu-dabbab,marsa-alam,snorkeling-delfiny,Abu Dabbab,abu dabbab,1300,12,Informational,abu dabbab marsa alam 170/12 | marsa alam abu dabbab 140/14 | zatoka abu dabbab 170/8 | abu dabbab beach 170/15 | zatoka żółwi marsa alam 110/0 | zatoka żółwi 90/2 | plaża abu dabbab 90/6,abu dabbab żółwie N/A | diugoń abu dabbab N/A,Ile kosztuje Abu Dabbab? | Czy na pewno zobaczę żółwie? | Ile trwa? | Skąd odbiór? | Czy dla dzieci?,Marsa Alam | Abu Dabbab | Zatoka Żółwi | żółwie | diugoń | snorkeling | rafa,snorkeling i delfiny (Snorkeling hub) | abu dabbab reserved to this page by hub map,Own broad 'abu dabbab' 1300/12 (canonical/closest). Hurghada tour #22 uses departure long-tail,/wycieczki-z-marsa-alam/,/wycieczki/snorkeling-i-delfiny/,Snorkeling hub; Marsa hub; abu-dabbab-snorkeling (Hurghada #22); marsa-mubarak-snorkeling,HIGH_VOLUME_ENTITY | MULTI_RESORT_ENTITY,TOP_10,High (1300 vol exact entity)
Marsa Mubarak z Marsa Alam - snorkeling,marsa-mubarak-snorkeling,/wycieczki-z-marsa-alam/marsa-mubarak-snorkeling,marsa-alam,snorkeling-delfiny,Marsa Mubarak,marsa mubarak,880,8,Commercial,zatoka marsa mubarak 90/5 | marsa mubarak snorkeling N/A,marsa mubarak hotel 30/21 (info),Ile kosztuje Marsa Mubarak? | Czy zobaczę żółwie i diugonie? | Ile trwa? | Skąd odbiór?,Marsa Alam | Marsa Mubarak | zatoka | żółwie | diugoń | snorkeling | rafa,"snorkeling i delfiny (Snorkeling hub - links, not primary)",Own exact 'marsa mubarak' 880/8 (commercial). Strong low-KD entity,/wycieczki-z-marsa-alam/,/wycieczki/snorkeling-i-delfiny/,Snorkeling hub; Marsa hub; abu-dabbab; sataya-dom-delfinow,HIGH_VOLUME_ENTITY | LOW_KD_OPPORTUNITY | STRONG_TRANSACTIONAL_INTENT,TOP_10,"High (880 vol, KD8, exact entity)"
Wycieczka z Marsa Alam na wyspy Hamata,wyspy-hamata,/wycieczki-z-marsa-alam/wyspy-hamata,marsa-alam,rejsy-wyspy,Hamata / Qulaan,hamata,720,9,Informational,wyspy qulaan 880/8 | wyspa hamata 260/5 | hamata island 260/6 | hamata egipt 210/7 | wyspy hamata 140/14 | qulaan 140/7 | qulaan island 140/5 | qulaan islands 110/9,hamata marsa alam N/A | rejs hamata N/A,Ile kosztuje wycieczka na wyspy Hamata? | Ile trwa rejs? | Czy zobaczę delfiny? | Skąd odbiór?,Marsa Alam | Hamata | Qulaan | wyspy Qulaan | Morze Czerwone | rejs | delfiny | snorkeling,rejsy i wyspy (Rejsy hub) | wyspa hamata 260/5 reserved to this page by hub map,"Own 'hamata' 720/9 primary + strong secondary 'wyspy qulaan' 880/8 (same tour, Qulaan islands near Hamata)",/wycieczki-z-marsa-alam/,/wycieczki/rejsy-i-wyspy/,Rejsy hub; Marsa hub; rejs-nefertari; sharm-el-lulli-ras-hankorab,HIGH_VOLUME_ENTITY | LOW_KD_OPPORTUNITY,TOP_10,High (720/9 + 880/8 combined cluster)
Rejs łodzią Nefertari z Marsa Alam,rejs-nefertari,/wycieczki-z-marsa-alam/rejs-nefertari,marsa-alam,rejsy-wyspy,Rejs Nefertari,rejs łodzią nefertari z marsa alam,N/A,N/A,Commercial (semantic),rejs nefertari marsa alam N/A | łódź nefertari N/A,"rejs katamaranem 480/7 (category) | nefertari 880/33 (WRONG intent - hotel/temple, not the boat)",Co obejmuje rejs Nefertari? | Ile trwa? | Czy jest snorkeling? | Ile kosztuje?,Marsa Alam | Nefertari | rejs | łódź | Morze Czerwone | snorkeling,"nefertari 880/33 - hotel/temple intent, NOT this boat's primary","'nefertari' 880 is hotel/temple navigational, wrong intent for a boat-brand day-trip",/wycieczki-z-marsa-alam/,/wycieczki/rejsy-i-wyspy/,Rejsy hub; Marsa hub; wyspy-hamata; sharm-el-lulli-ras-hankorab,NO_SEMRUSH_CLUSTER,REMAINDER,Low (only off-intent homonym)
Wycieczka łodzią Seascope z Marsa Alam,lodz-seascope,/wycieczki-z-marsa-alam/lodz-seascope,marsa-alam,atrakcje,Seascope (Marsa Alam),seascope marsa alam,N/A,N/A,Commercial (semantic),łódź seascope marsa alam N/A | łódź półpodwodna marsa alam N/A,seascope hurghada 90/8 (reserved to Hurghada #25),Ile kosztuje Seascope z Marsa Alam? | Czy to łódź podwodna? | Ile trwa? | Czy dla dzieci?,Marsa Alam | Seascope | łódź półpodwodna | rafa | ryby | podwodny świat,atrakcje i rozrywka (Atrakcje hub) | seascope hurghada 90/8 (Hurghada #25),"Multi-resort Seascope (H #25, S #70): Hurghada owns the only 'seascope' vol; Marsa uses departure long-tail",/wycieczki-z-marsa-alam/,/wycieczki/atrakcje-i-rozrywka/,Atrakcje hub; Marsa hub; lodz-seascope (Hurghada #25); rejs-nefertari,NO_SEMRUSH_CLUSTER | MULTI_RESORT_ENTITY,REMAINDER,Low (no Marsa-specific vol)
Wycieczka z Marsa Alam na plażę Sharm el Lulli (Ras Hankorab),sharm-el-lulli-ras-hankorab,/wycieczki-z-marsa-alam/sharm-el-lulli-ras-hankorab,marsa-alam,rejsy-wyspy,Sharm el Lulli / Ras Hankorab,sharm el lulli,480,2,Commercial,sharm el luli 480/2 (CSV spelling variant) | ras hankorab N/A | sharm el lulli plaża N/A,sharm el lulli marsa alam N/A,Ile kosztuje wycieczka na Sharm el Lulli? | Ile trwa? | Czy dzika plaża? | Skąd odbiór?,Marsa Alam | Sharm el Lulli | Ras Hankorab | plaża | park narodowy | Morze Czerwone | snorkeling,"rejsy i wyspy (Rejsy hub - links, not primary)","Own 'sharm el lulli' (CSV variant 'sharm el luli' 480/2). Target correct spelling on-site, group the variant",/wycieczki-z-marsa-alam/,/wycieczki/rejsy-i-wyspy/,Rejsy hub; Marsa hub; wyspy-hamata; abu-dabbab,LOW_KD_OPPORTUNITY | STRONG_TRANSACTIONAL_INTENT,TOP_10,"High (480 vol, KD2, exact entity)"
Wycieczka z Marsa Alam - nurkowanie z plaży,nurkowanie-z-plazy,/wycieczki-z-marsa-alam/nurkowanie-z-plazy,marsa-alam,nurkowanie,Nurkowanie z plaży,nurkowanie z plaży marsa alam,N/A,N/A,Commercial (semantic),nurkowanie z brzegu marsa alam N/A | shore diving marsa alam N/A,marsa alam nurkowanie 210/1 (hub/shared) | rafa koralowa marsa alam 480/15 (info) | rafa marsa alam 480/13 (info),Ile kosztuje nurkowanie z plaży? | Czy trzeba mieć uprawnienia? | Ile nurkowań? | Skąd odbiór?,Marsa Alam | nurkowanie | shore dive | rafa koralowa | plaża | butla,nurkowanie w egipcie (Nurkowanie hub) | marsa alam nurkowanie 210/1 (hub-leaning) | intra-site vs boat dive #55,'marsa alam nurkowanie' 210/1 leans hub; intra-site vs #55 - split shore vs boat by long-tail,/wycieczki-z-marsa-alam/,/wycieczki/nurkowanie/,Nurkowanie hub; Marsa hub; nurkowanie-z-lodzi,CANNIBALIZATION_RISK,REMAINDER,Low (head leans hub; only info reef terms)
Nurkowanie z łodzi w Marsa Alam,nurkowanie-z-lodzi,/wycieczki-z-marsa-alam/nurkowanie-z-lodzi,marsa-alam,nurkowanie,Nurkowanie z łodzi,nurkowanie z łodzi marsa alam,N/A,N/A,Commercial (semantic),boat diving marsa alam N/A | nurkowanie z łodzi egipt N/A,marsa alam nurkowanie 210/1 (hub/shared) | marsa alam rafa koralowa 140/12 (info),Ile kosztuje nurkowanie z łodzi? | Ile nurkowań w cenie? | Jakie rafy? | Skąd odbiór?,Marsa Alam | nurkowanie | boat dive | rafa koralowa | łódź | butla,nurkowanie w egipcie (Nurkowanie hub) | intra-site vs shore dive #54,Intra-site vs #54: differentiate boat vs shore by long-tail; hub owns 'marsa alam nurkowanie',/wycieczki-z-marsa-alam/,/wycieczki/nurkowanie/,Nurkowanie hub; Marsa hub; nurkowanie-z-plazy,CANNIBALIZATION_RISK,REMAINDER,Low (head leans hub; no boat-specific vol)
Super Safari z Marsa Alam,super-safari-quady,/wycieczki-z-marsa-alam/super-safari-quady,marsa-alam,safari,Super Safari + quady (Marsa),marsa alam safari,90,1,Informational (transactional),marsa alam quady 90/3 | super safari 70/2 | pustynia marsa alam 30/7 (info),safari marsa alam N/A | super safari quady marsa alam N/A,Co obejmuje Super Safari z Marsa Alam? | Czy jest quad i wielbłąd? | Ile kosztuje? | Ile trwa?,Marsa Alam | Super Safari | quad | pustynia | wioska beduinów | wielbłąd,safari egipt 170/2 (Safari hub) | intra-site vs quad tours #57/#58/#59,Own 'marsa alam safari' 90/1 (flagship full-package). Quad-only tours #57/#58 use 'marsa alam quady',/wycieczki-z-marsa-alam/,/wycieczki/safari-i-quady/,Safari hub; Marsa hub; quad-safari-5h (Marsa); jeep-safari (Marsa),LOW_KD_OPPORTUNITY | CANNIBALIZATION_RISK,NEXT_20,Medium (exact 90/1; split with sibling safaris)
Quad Safari z Marsa Alam - 5 godzin,quad-safari-5h,/wycieczki-z-marsa-alam/quad-safari-5h,marsa-alam,safari,Quad Safari 5h (Marsa),marsa alam quady,90,3,Informational,quad safari marsa alam N/A | quady marsa alam 5h N/A,marsa alam safari 90/1 (Super Safari #56) | quady egipt 140/6 (hub),Ile kosztuje 5h quad safari z Marsa Alam? | Czy potrzebne prawo jazdy? | Ile trwa? | Skąd odbiór?,Marsa Alam | quad | quad safari 5h | pustynia | ATV,quady egipt 140/6 (Safari hub) | intra-site vs 2h #58 + Super Safari #56,Own 'marsa alam quady' 90/3 (flagship quad). 2h #58 uses duration long-tail,/wycieczki-z-marsa-alam/,/wycieczki/safari-i-quady/,Safari hub; Marsa hub; quad-safari-2h (Marsa); super-safari-quady,LOW_KD_OPPORTUNITY | CANNIBALIZATION_RISK,NEXT_20,Medium (exact 90/3; split with #58)
Wycieczka z Marsa Alam - Moto Quad Safari 2h,quad-safari-2h,/wycieczki-z-marsa-alam/quad-safari-2h,marsa-alam,safari,Quad Safari 2h (Marsa),quad safari 2h marsa alam,N/A,N/A,Commercial (semantic),krótkie quad safari marsa alam N/A | quady 2h marsa alam N/A,marsa alam quady 90/3 (ceded to 5h #57),Ile kosztuje 2h quad safari? | Czym różni się od 5h? | Ile trwa? | Skąd odbiór?,Marsa Alam | quad | quad safari 2h | pustynia | ATV,marsa alam quady 90/3 (assigned to 5h #57),Intra-site vs #57: differentiate by 2h duration long-tail,/wycieczki-z-marsa-alam/,/wycieczki/safari-i-quady/,Safari hub; Marsa hub; quad-safari-5h (Marsa),CANNIBALIZATION_RISK,REMAINDER,"Low (duration-differentiated, no own vol)"
Wycieczka z Marsa Alam - Jeep Safari,jeep-safari,/wycieczki-z-marsa-alam/jeep-safari,marsa-alam,safari,Jeep Safari (Marsa),jeep safari marsa alam,N/A,N/A,Commercial (semantic),jeep safari 480/10 (broad/generic) | safari terenowe marsa alam N/A,wioska beduinów 320/8 (info) | oaza na pustyni 390/6 (info),Co obejmuje Jeep Safari? | Czy jest wioska beduinów? | Ile kosztuje? | Ile trwa?,Marsa Alam | Jeep Safari | pustynia | wioska beduinów | oaza | 4x4,"safari egipt 170/2 (Safari hub) | jeep safari 480/10 (broad, mostly non-Egypt intent)",'jeep safari' 480/10 is broad/generic (Dubai/Turkey heavy); use Marsa-modified long-tail,/wycieczki-z-marsa-alam/,/wycieczki/safari-i-quady/,Safari hub; Marsa hub; super-safari-quady; quad-safari-5h (Marsa),NO_SEMRUSH_CLUSTER,REMAINDER,Low (broad term off-geo)
Wycieczka z Sharm el Sheikh do Kairu,kair-gem-piramidy,/wycieczki-z-sharm-el-sheikh/kair-gem-piramidy,sharm-el-sheikh,kair,Kair/GEM (z Sharm),wycieczki z sharm el sheikh do kairu,110,-1,Informational,sharm el sheikh piramidy 110/4 | kair z sharm el sheikh N/A,wycieczki z sharm el sheikh do kairu 110/-1,Ile kosztuje wycieczka z Sharm el Sheikh do Kairu? | Ile trwa dojazd? | Skąd odbiór? | Czy jest polski przewodnik?,Sharm el Sheikh | Kair | GEM | Giza | piramidy | Muzeum Egipskie,wycieczka do kairu 320/7 (Kair hub) | piramidy w egipcie 1900/23 (future info),"Multi-resort Cairo (H #1, M #40): departure-separated. KD-1 (very low)",/wycieczki-z-sharm-el-sheikh/,/wycieczki/kair-i-piramidy/,Kair hub; Sharm hub; kair-samolotem (Sharm); kair-samolotem-muzeum-egipskie-piramidy,LOW_KD_OPPORTUNITY | MULTI_RESORT_ENTITY,NEXT_20,"High (CSV departure term, KD-1)"
Wycieczka samolotem do Kairu z Sharm el Sheikh,kair-samolotem,/wycieczki-z-sharm-el-sheikh/kair-samolotem,sharm-el-sheikh,kair,Kair samolotem (z Sharm),kair samolotem z sharm el sheikh,N/A,N/A,Commercial (semantic),lot do kairu z sharm el sheikh N/A | kair samolotem sharm N/A,wycieczki z sharm el sheikh do kairu 110/-1 (parent),Ile kosztuje Kair samolotem z Sharm? | Ile trwa lot? | Czy jednodniowa? | Co obejmuje cena?,Sharm el Sheikh | Kair | samolot | lot | piramidy | Muzeum Egipskie,wycieczka do kairu 320/7 (Kair hub),Intra-site vs #77 (also Sharm Cairo-by-plane): differentiate scope/inclusions; multi-resort plane-Cairo,/wycieczki-z-sharm-el-sheikh/,/wycieczki/kair-i-piramidy/,Kair hub; Sharm hub; kair-gem-piramidy; kair-samolotem-muzeum-egipskie-piramidy,NO_SEMRUSH_CLUSTER | CANNIBALIZATION_RISK | MULTI_RESORT_ENTITY,REMAINDER,Low (no exact CSV term; dup with #77)
Góra Mojżesza i klasztor św. Katarzyny,gora-mojzesza-klasztor-sw-katarzyny,/wycieczki-z-sharm-el-sheikh/gora-mojzesza-klasztor-sw-katarzyny,sharm-el-sheikh,synaj,Góra Mojżesza + klasztor,góra mojżesza z sharm el sheikh,N/A,N/A,Commercial (semantic),wschód słońca góra mojżesza N/A | góra synaj wycieczka N/A | klasztor św katarzyny N/A,sharm el sheikh wycieczki fakultatywne 720/10 (Sharm hub),O której zaczyna się wejście na Górę Mojżesza? | Czy zobaczymy wschód słońca? | Ile trwa? | Czy trudne?,Sharm el Sheikh | Góra Mojżesza | Synaj | klasztor św. Katarzyny | wschód słońca | pielgrzymka,sharm el sheikh wycieczki fakultatywne 720/10 (Sharm hub),Sinai entities ABSENT from gap export. Intra-site vs #78 (also St Catherine): this page = Moses+sunrise climb,/wycieczki-z-sharm-el-sheikh/,(no category hub) -> /wycieczki/,Sharm hub; blue-hole-kolorowy-kanion; klasztor-sw-katarzyny-synaj,NO_SEMRUSH_CLUSTER | CONTENT_GAP | CANNIBALIZATION_RISK,REMAINDER,Low (Sinai absent from gap export)
Blue Hole i Kolorowy Kanion z Sharm el Sheikh,blue-hole-kolorowy-kanion,/wycieczki-z-sharm-el-sheikh/blue-hole-kolorowy-kanion,sharm-el-sheikh,synaj,Blue Hole + Kolorowy Kanion,blue hole kolorowy kanion z sharm el sheikh,N/A,N/A,Commercial (semantic),kolorowy kanion sharm N/A | blue hole dahab N/A | dahab wycieczki fakultatywne 110/5,sharm el sheikh wycieczki fakultatywne 720/10 (Sharm hub),Co obejmuje Blue Hole i Kolorowy Kanion? | Ile trwa? | Czy jest snorkeling? | Skąd odbiór?,Sharm el Sheikh | Blue Hole | Kolorowy Kanion | Dahab | Synaj | snorkeling,sharm el sheikh wycieczki fakultatywne 720/10 (Sharm hub) | dahab wycieczki fakultatywne 110/5 (near-entity),Sinai entities absent from gap export; 'dahab wycieczki fakultatywne' 110/5 is a nearby supporting term,/wycieczki-z-sharm-el-sheikh/,(no category hub) -> /wycieczki/,Sharm hub; gora-mojzesza-klasztor-sw-katarzyny; wyspa-tiran-snorkeling,NO_SEMRUSH_CLUSTER | CONTENT_GAP,REMAINDER,Low (Sinai absent from gap export)
Wycieczka z Sharm el Sheikh do Jordanii - Petra i Morze Martwe,jordania-petra-morze-martwe,/wycieczki-z-sharm-el-sheikh/jordania-petra-morze-martwe,sharm-el-sheikh,miedzynarodowe,Jordania / Petra,wycieczka do petry z sharm el sheikh,N/A,N/A,Commercial (semantic),petra jordania z egiptu N/A | morze martwe wycieczka N/A | jordania z sharm N/A,sharm el sheikh wycieczki fakultatywne 720/10 (Sharm hub),Ile kosztuje wycieczka do Jordanii? | Czy potrzebna wiza/paszport? | Ile trwa? | Co obejmuje cena?,Sharm el Sheikh | Jordania | Petra | Morze Martwe | Wadi Rum | prom | międzynarodowa,sharm el sheikh wycieczki fakultatywne 720/10 (Sharm hub),International tour - Petra/Jordan/Dead Sea all ABSENT from Egypt-focused gap export,/wycieczki-z-sharm-el-sheikh/,(no category hub) -> /wycieczki/,Sharm hub; gora-mojzesza-klasztor-sw-katarzyny; kair-gem-piramidy,NO_SEMRUSH_CLUSTER | CONTENT_GAP,REMAINDER,"Low (international, absent from export)"
Rejs na White Island i Ras Mohamed z nurkowaniem z butlą,white-island-ras-mohamed,/wycieczki-z-sharm-el-sheikh/white-island-ras-mohamed,sharm-el-sheikh,rejsy-wyspy,White Island + Ras Mohamed,white island ras mohamed z sharm el sheikh,N/A,N/A,Commercial (semantic),biała wyspa sharm N/A | ras mohamed nurkowanie N/A | white island egipt N/A,sharm el sheikh wycieczki fakultatywne 720/10 (Sharm hub),Co obejmuje rejs White Island i Ras Mohamed? | Czy jest nurkowanie z butlą? | Ile trwa? | Skąd odbiór?,Sharm el Sheikh | White Island | Ras Mohamed | Park Narodowy | rafa | nurkowanie | rejs,sharm el sheikh wycieczki fakultatywne 720/10 (Sharm hub) | intra-site vs #66 (also Ras Mohamed),Sharm/Sinai entities absent from gap export. Intra-site vs #66: this = White Island + scuba combo,/wycieczki-z-sharm-el-sheikh/,/wycieczki/rejsy-i-wyspy/,Sharm hub; ras-mohamed-snorkeling; wyspa-tiran-nurkowanie,NO_SEMRUSH_CLUSTER | CONTENT_GAP | CANNIBALIZATION_RISK,REMAINDER,Low (entities absent from export)
Wycieczka do Ras Mohamed z Sharm el Sheikh,ras-mohamed-snorkeling,/wycieczki-z-sharm-el-sheikh/ras-mohamed-snorkeling,sharm-el-sheikh,rejsy-wyspy,Ras Mohamed (snorkeling),ras mohamed z sharm el sheikh,N/A,N/A,Commercial (semantic),ras mohamed snorkeling N/A | park narodowy ras mohamed N/A,sharm el sheikh wycieczki fakultatywne 720/10 (Sharm hub),Ile kosztuje Ras Mohamed? | Czy jest snorkeling? | Ile trwa rejs? | Skąd odbiór?,Sharm el Sheikh | Ras Mohamed | Park Narodowy | rafa | snorkeling | rejs,sharm el sheikh wycieczki fakultatywne 720/10 (Sharm hub) | intra-site vs #65,Sinai entities absent from gap export. Intra-site vs #65: this = snorkel-only Ras Mohamed,/wycieczki-z-sharm-el-sheikh/,/wycieczki/rejsy-i-wyspy/,Sharm hub; white-island-ras-mohamed; wyspa-tiran-snorkeling,NO_SEMRUSH_CLUSTER | CONTENT_GAP | CANNIBALIZATION_RISK,REMAINDER,Low (entities absent from export)
Wyspa Tiran z Sharm el Sheikh,wyspa-tiran-snorkeling,/wycieczki-z-sharm-el-sheikh/wyspa-tiran-snorkeling,sharm-el-sheikh,rejsy-wyspy,Wyspa Tiran (snorkeling),wyspa tiran z sharm el sheikh,N/A,N/A,Commercial (semantic),tiran snorkeling N/A | rejs na tiran N/A | wyspa tiran egipt N/A,sharm el sheikh wycieczki fakultatywne 720/10 (Sharm hub),Ile kosztuje rejs na Wyspę Tiran? | Czy jest snorkeling? | Ile trwa? | Skąd odbiór?,Sharm el Sheikh | Wyspa Tiran | Cieśnina Tirańska | rafa | snorkeling | rejs,sharm el sheikh wycieczki fakultatywne 720/10 (Sharm hub) | intra-site vs Tiran dive #68,"Tiran absent from gap export. Intra-site vs #68: this = snorkel Tiran, #68 = dive Tiran",/wycieczki-z-sharm-el-sheikh/,/wycieczki/rejsy-i-wyspy/,Sharm hub; wyspa-tiran-nurkowanie; ras-mohamed-snorkeling,NO_SEMRUSH_CLUSTER | CONTENT_GAP | CANNIBALIZATION_RISK,REMAINDER,Low (entity absent from export)
Wyspa Tiran z Sharm el Sheikh - z nurkowaniem,wyspa-tiran-nurkowanie,/wycieczki-z-sharm-el-sheikh/wyspa-tiran-nurkowanie,sharm-el-sheikh,nurkowanie,Wyspa Tiran (nurkowanie),nurkowanie tiran z sharm el sheikh,N/A,N/A,Commercial (semantic),tiran nurkowanie N/A | rejs nurkowy tiran N/A,sharm el sheikh wycieczki fakultatywne 720/10 (Sharm hub) | nurkowanie w egipcie (Nurkowanie hub),Ile kosztuje nurkowanie przy Tiran? | Czy trzeba mieć uprawnienia? | Ile nurkowań? | Skąd odbiór?,Sharm el Sheikh | Wyspa Tiran | nurkowanie | butla | rafa | rejs,nurkowanie w egipcie (Nurkowanie hub) | intra-site vs Tiran snorkel #67,Intra-site vs #67: differentiate diving vs snorkeling. Tiran absent from export,/wycieczki-z-sharm-el-sheikh/,/wycieczki/nurkowanie/,Nurkowanie hub; Sharm hub; wyspa-tiran-snorkeling; white-island-ras-mohamed,NO_SEMRUSH_CLUSTER | CONTENT_GAP | CANNIBALIZATION_RISK,REMAINDER,Low (entity absent from export)
Pokaz delfinów w Sharm el Sheikh,dolphin-show,/wycieczki-z-sharm-el-sheikh/dolphin-show,sharm-el-sheikh,atrakcje,Delfinarium Sharm,delfinarium sharm el sheikh,70,5,Informational,pokaz delfinów sharm el sheikh N/A | delfinarium sharm N/A,delfinarium sharm el sheikh 70/5,Ile kosztuje pokaz delfinów w Sharm? | O której pokazy? | Ile trwa? | Czy dla dzieci?,Sharm el Sheikh | delfinarium | pokaz delfinów | dolphin show,"atrakcje i rozrywka (Atrakcje hub - links, not primary)",Own 'delfinarium sharm el sheikh' 70/5. Distinct from Hurghada delfinarium #20,/wycieczki-z-sharm-el-sheikh/,/wycieczki/atrakcje-i-rozrywka/,Atrakcje hub; Sharm hub; delfinarium-dolphin-show (Hurghada); lodz-seascope (Sharm),LOW_KD_OPPORTUNITY,NEXT_20,High (exact 70/5)
Łódź półpodwodna Seascope w Sharm el Sheikh,lodz-seascope,/wycieczki-z-sharm-el-sheikh/lodz-seascope,sharm-el-sheikh,atrakcje,Seascope (Sharm),seascope sharm el sheikh,N/A,N/A,Commercial (semantic),łódź półpodwodna sharm N/A | seascope sharm N/A,seascope hurghada 90/8 (reserved to Hurghada #25),Ile kosztuje Seascope w Sharm? | Czy to łódź podwodna? | Ile trwa? | Czy dla dzieci?,Sharm el Sheikh | Seascope | łódź półpodwodna | rafa | ryby | podwodny świat,atrakcje i rozrywka (Atrakcje hub) | seascope hurghada 90/8 (Hurghada #25),"Multi-resort Seascope (H #25, M #52): only Hurghada has vol; Sharm uses departure long-tail",/wycieczki-z-sharm-el-sheikh/,/wycieczki/atrakcje-i-rozrywka/,Atrakcje hub; Sharm hub; lodz-seascope (Hurghada); dolphin-show (Sharm),NO_SEMRUSH_CLUSTER | MULTI_RESORT_ENTITY,REMAINDER,Low (no Sharm-specific vol)
Parasailing w Sharm el Sheikh,parasailing,/wycieczki-z-sharm-el-sheikh/parasailing,sharm-el-sheikh,atrakcje,Parasailing (Sharm),parasailing sharm el sheikh,N/A,N/A,Commercial (semantic),parasailing sharm N/A | lot na spadochronie sharm N/A,parasailing 3600/11 (reserved to Hurghada #37) | parasailing cena 140/9,Ile kosztuje parasailing w Sharm? | Na jaką wysokość? | Czy bezpieczne? | Czy dla dzieci?,Sharm el Sheikh | parasailing | lot na spadochronie | Morze Czerwone | adrenalina,atrakcje i rozrywka (Atrakcje hub) | parasailing 3600/11 (Hurghada #37),Multi-resort (H #37): broad 'parasailing' 3600 -> Hurghada; Sharm uses departure long-tail,/wycieczki-z-sharm-el-sheikh/,/wycieczki/atrakcje-i-rozrywka/,Atrakcje hub; Sharm hub; parasailing (Hurghada); dolphin-show (Sharm),NO_SEMRUSH_CLUSTER | MULTI_RESORT_ENTITY,REMAINDER,Low (broad term ceded to Hurghada)
Quad safari z Sharm el Sheikh,quad-safari-3h,/wycieczki-z-sharm-el-sheikh/quad-safari-3h,sharm-el-sheikh,safari,Quad Safari 3h (Sharm),quad safari sharm el sheikh,N/A,N/A,Commercial (semantic),quady sharm N/A | quad safari sharm 3h N/A | quad safari 140/9 (broad),quady egipt 140/6 (Safari hub) | safari egipt 170/2 (hub),Ile kosztuje quad safari w Sharm? | Czy potrzebne prawo jazdy? | Ile trwa? | Skąd odbiór?,Sharm el Sheikh | quad | quad safari | pustynia | ATV | Synaj,quady egipt 140/6 / quad safari 140/9 (Safari hub) | intra-site vs 5h #73,Multi-resort quad + intra-site vs #73: no Sharm-specific vol; split 3h vs 5h by duration,/wycieczki-z-sharm-el-sheikh/,/wycieczki/safari-i-quady/,Safari hub; Sharm hub; quad-safari-5h (Sharm); buggy-safari (Sharm),NO_SEMRUSH_CLUSTER | MULTI_RESORT_ENTITY | CANNIBALIZATION_RISK,REMAINDER,Low (no Sharm-specific vol)
Quad safari 5h z Sharm el Sheikh z kolacją,quad-safari-5h,/wycieczki-z-sharm-el-sheikh/quad-safari-5h,sharm-el-sheikh,safari,Quad Safari 5h + kolacja (Sharm),quad safari 5h sharm el sheikh,N/A,N/A,Commercial (semantic),quad safari sharm z kolacją N/A | długie quad safari sharm N/A,quady egipt 140/6 (Safari hub) | wioska beduinów 320/8 (info),Co obejmuje 5h quad safari z kolacją? | Czym różni się od 3h? | Ile trwa? | Skąd odbiór?,Sharm el Sheikh | quad | quad safari 5h | kolacja | wioska beduinów | pustynia,quady egipt 140/6 (Safari hub) | intra-site vs 3h #72,Intra-site vs #72: differentiate by 5h + dinner inclusion,/wycieczki-z-sharm-el-sheikh/,/wycieczki/safari-i-quady/,Safari hub; Sharm hub; quad-safari-3h (Sharm); sunset-safari-teleskop,NO_SEMRUSH_CLUSTER | CANNIBALIZATION_RISK,REMAINDER,Low (no Sharm-specific vol)
Sunset safari z teleskopem - Sharm el Sheikh,sunset-safari-teleskop,/wycieczki-z-sharm-el-sheikh/sunset-safari-teleskop,sharm-el-sheikh,safari,Sunset Safari + teleskop,sunset safari z teleskopem sharm el sheikh,N/A,N/A,Commercial (semantic),obserwacja gwiazd sharm N/A | safari o zachodzie słońca sharm N/A | teleskop pustynia N/A,safari egipt 170/2 (Safari hub) | wioska beduinów 320/8 (info),Co obejmuje sunset safari z teleskopem? | Czy obserwacja gwiazd? | Ile trwa? | Skąd odbiór?,Sharm el Sheikh | Sunset Safari | teleskop | obserwacja gwiazd | pustynia | wioska beduinów,safari egipt 170/2 (Safari hub),"Unique stargazing angle - differentiated from generic quad safaris, no CSV term",/wycieczki-z-sharm-el-sheikh/,/wycieczki/safari-i-quady/,Safari hub; Sharm hub; quad-safari-5h (Sharm); buggy-safari (Sharm),NO_SEMRUSH_CLUSTER | CONTENT_GAP,REMAINDER,"Low (niche, no CSV term)"
Buggy Safari - Sharm el Sheikh,buggy-safari,/wycieczki-z-sharm-el-sheikh/buggy-safari,sharm-el-sheikh,safari,Buggy Safari (Sharm),buggy safari sharm el sheikh,N/A,N/A,Commercial (semantic),"buggy sharm N/A | buggy safari sharm N/A | buggy safari 210/7 (broad, Hurghada #34)",safari egipt 170/2 (Safari hub),Ile kosztuje buggy safari w Sharm? | Ile osób w buggy? | Czy prawo jazdy? | Ile trwa?,Sharm el Sheikh | buggy | buggy safari | pustynia | ATV | Synaj,safari i quady (Safari hub) | buggy safari 210/7 (Hurghada #34),Multi-resort buggy (H #34): broad 'buggy safari' 210 -> Hurghada; Sharm uses departure long-tail,/wycieczki-z-sharm-el-sheikh/,/wycieczki/safari-i-quady/,Safari hub; Sharm hub; buggy-safari (Hurghada); quad-safari-5h (Sharm),NO_SEMRUSH_CLUSTER | MULTI_RESORT_ENTITY,REMAINDER,Low (broad term ceded to Hurghada)
Jazda na wielbłądzie lub konno - Sharm el Sheikh,jazda-na-wielbladzie,/wycieczki-z-sharm-el-sheikh/jazda-na-wielbladzie,sharm-el-sheikh,safari,Wielbłąd/konno (Sharm),jazda na wielbłądzie sharm el sheikh,N/A,N/A,Commercial (semantic),wielbłądy sharm N/A | jazda konna sharm N/A,safari egipt 170/2 (Safari hub concept),Ile kosztuje jazda na wielbłądzie w Sharm? | Ile trwa? | Czy dla dzieci? | Skąd odbiór?,Sharm el Sheikh | wielbłąd | jazda konna | konie | pustynia | beduini,safari i quady (Safari hub),Multi-resort camel/horse (H #36): no CSV term either resort,/wycieczki-z-sharm-el-sheikh/,/wycieczki/safari-i-quady/,Safari hub; Sharm hub; jazda-na-wielbladzie (Hurghada); sunset-safari-teleskop,NO_SEMRUSH_CLUSTER | MULTI_RESORT_ENTITY,REMAINDER,Low (no exact CSV term)
Kair samolotem z Sharm el Sheikh - Muzeum Egipskie i piramidy,kair-samolotem-muzeum-egipskie-piramidy,/wycieczki-z-sharm-el-sheikh/kair-samolotem-muzeum-egipskie-piramidy,sharm-el-sheikh,kair,Kair samolotem (Muzeum+piramidy),kair samolotem muzeum egipskie z sharm el sheikh,N/A,N/A,Commercial (semantic),lot do kairu z sharm muzeum piramidy N/A | kair samolotem sharm piramidy N/A,sharm el sheikh piramidy 110/4 | wycieczki z sharm el sheikh do kairu 110/-1,Co obejmuje Kair samolotem z Muzeum i piramidami? | Ile trwa lot? | Ile kosztuje? | Skąd odbiór?,Sharm el Sheikh | Kair | samolot | Muzeum Egipskie | piramidy | Giza,wycieczka do kairu 320/7 (Kair hub),Intra-site vs #61 (both Sharm Cairo-by-plane): differentiate on Museum+pyramids scope. Consider consolidation review,/wycieczki-z-sharm-el-sheikh/,/wycieczki/kair-i-piramidy/,Kair hub; Sharm hub; kair-samolotem (Sharm); kair-gem-piramidy,NO_SEMRUSH_CLUSTER | CANNIBALIZATION_RISK | MULTI_RESORT_ENTITY,REMAINDER,Low (dup intent with #61)
Klasztor św. Katarzyny z Sharm el Sheikh - wycieczka na Synaj,klasztor-sw-katarzyny-synaj,/wycieczki-z-sharm-el-sheikh/klasztor-sw-katarzyny-synaj,sharm-el-sheikh,synaj,Klasztor św. Katarzyny (dzienny),klasztor św katarzyny z sharm el sheikh,N/A,N/A,Commercial (semantic),klasztor synaj wycieczka N/A | św katarzyna egipt N/A,sharm el sheikh wycieczki fakultatywne 720/10 (Sharm hub),Co zobaczymy w klasztorze św. Katarzyny? | Ile trwa? | Czy wchodzi się na Górę Mojżesza? | Skąd odbiór?,Sharm el Sheikh | klasztor św. Katarzyny | Synaj | Góra Synaj | pielgrzymka | UNESCO,sharm el sheikh wycieczki fakultatywne 720/10 (Sharm hub) | intra-site vs #62,Intra-site vs #62 (Moses+monastery night climb): this = daytime monastery visit. Sinai absent from export,/wycieczki-z-sharm-el-sheikh/,(no category hub) -> /wycieczki/,Sharm hub; gora-mojzesza-klasztor-sw-katarzyny; blue-hole-kolorowy-kanion,NO_SEMRUSH_CLUSTER | CONTENT_GAP | CANNIBALIZATION_RISK,REMAINDER,Low (Sinai absent from export)
